movie_name,year
Andy Colby's Incredible Adventure,1988
Dog Gone,2008
Tiny Troubles,1939
The Case of the Mukkinese Battle Horn,1956
Byl jednou jeden polda,1995
A Man from the Boulevard des Capuchines,1987
Yatterman,2009
"Mord ist mein Geschäft, Liebling",2009
Stoogemania,1986
A Little Bit of Fluff,1928
Getting Played,2005
Rescue From Gilligan's Island,1978
Main Julian England,2007
God Is Brazilian,2003
Sprucin' Up,1935
Silver Bears,1978
Jaane Bhi Do Yaaron,2007
Like a Dragon,2007
The Kid From Borneo,1933
Magic Carpet Ride,2006
Sit Tight,1931
The Three Muscatels,1991
See You After School,2006
Il magnifico cornuto,1965
The Tony Blair Witch Project,2000
A Holiday Engagement,2011
Hi'-Neighbor!,1934
Pinocchio,2002
Bubbling Over,1934
Sextette,1978
Heavy Petting,2008
Nari Nari Naduma Murari,1990
Hardware Wars,1977
The Radio Pirates,2007
Monty Python's The Meaning of Life,1983
You're a Sweetheart,1937
Coma Girl: The State of Grace,2005
Kidco,1984
Les Tontons flingueurs,1963
House Broken,2009
Abbott and Costello in Hollywood,1945
Windy City Heat,2003
The Canterville Ghost,2003
Rhythm on the Reservation,1939
The Waterman Movie,2012
Milk and Honey,1936
Full of It,2007
Rat Pfink a Boo Boo,1966
Bayside Shakedown: The Movie,1998
His Secretary,1925
Teresa Venerdì,1941
Operation Mad Ball,1957
The Boys From County Clare,2003
Heartbreak Hotel,1988
Swashbuckler,1976
New Cutie Honey,1994
Hotel Hell Vacation,2010
Frozen Stupid,2006
"You Shoot, I Shoot",2001
Pride of the Bowery,1941
Love Before Breakfast,1936
Slayers Gorgeous,1998
Convention City,1933
Pokrovsky Gates,1982
Method Man,1979
Agentti 000 ja kuoleman kurvit,1983
Our Gang Follies of 1936,1935
Bugs Bunny and the Three Bears,1944
Taking the Blame,1935
"Pane, amore e...",1956
Ping Pong Playa,2008
Spiderbabe,2003
Sidewalks of New York,1931
Commencement Day,1924
"Oh, Men! Oh, Women!",1957
Me and Marlborough,1935
Gay Dude,2012
Very Important Person,1961
Spaced Out Bunny,1980
An Alan Smithee Film: Burn Hollywood Burn,1998
First Family,1980
Popstar,2005
Born Reckless,1930
I Do...I Did,2009
Déjà Vu,1988
A Grand Day Out,1989
Christmas Caper,2007
Hollywood Zap!,1986
The Adventures of Rocky and Bullwinkle,2000
Strawberry Shortcake: Pets on Parade,1982
America's Sweethearts,2001
Sol Goode,2001
Wedding Wars,2006
Short Circuit 2,1988
Robert et Robert,1978
I Dream of Jeannie: 15 Years Later,1985
There's Only One Jimmy Grimble,1999
Stiff Upper Lips,1998
I Downloaded A Ghost,2004
"Cherry, Harry & Raquel!",1970
Made for Each Other,1971
The Secret of the Selenites,1984
The Slick Chick,1962
Pink Collar,2006
Rockets Galore!,1957
Shaukeen,1981
Ma and Pa Kettle at Waikiki,1955
Beer,1985
Aalukkoru Aasai,2004
Singh Is Kinng,2008
Little Papa,1935
The Gumball Rally,1976
Waldo's Last Stand,1940
Seema Shastri,2007
Yam Yasothon,2005
The Hottie and the Nottie,2008
Bienvenue chez les Ch'tis,2008
National Lampoon's TV: The Movie,2006
Boris and Natasha: The Movie,1992
Le gendarme et les extra-terrestres,1979
"The Virgin, the Copts and Me",2011
You Ruined My Life,1987
Pipe Dream,2002
Big Business,1924
Dumb Patrol,1964
The Constant Husband,1955
Everybody Has a Little Secret,2004
From Soup to Nuts,1928
Design for Scandal,1941
Meesa Madhavan,2002
And If We All Lived Together,2011
Hochheta Ki,2008
Snow White and the Three Stooges,1961
Cameriera bella presenza offresi...,1951
Big Girls Don't Cry... They Get Even,1992
Il Vedovo,1959
The Real Howard Spitz,1998
The Amorous Mis-Adventures of Casanova,1976
Doctor Jack,1922
Un Ladro in paradiso,1952
Sister Mary,2010
What Makes Daffy Duck?,1948
Atoll K,1950
Fjols til fjells,1957
The Naked Truth,1957
Zookeeper,2011
The Congress Dances,1931
Spy Kids 3-D: Game Over,2003
Waterhole #3,1967
Dynamite Brothers,1974
Betty Boop's Life Guard,1934
Il secondo tragico Fantozzi,1976
Mais où est donc passée la septième compagnie?,1973
Testosterone,2004
Jack & Jill,2011
The Pinch Singer,1936
Slap Shot 2: Breaking the Ice,2002
The Animal,1977
The Wedding Date,2004
"Sizzle Beach, U.S.A.",1974
The Jock Club and the Mellon Collie Death of Eugene Nerdlinger,1999
Riding High,1950
Dennis the Menace Strikes Again,1998
The Iron Maiden,1963
Lottery Ticket,2010
Let It Ride,1989
Stage Door Cartoon,1944
Flesh Gordon Meets the Cosmic Cheerleaders,1989
Notte prima degli esami,2006
She's On Duty,2005
Let It Snow,2001
Amy's Orgasm,2001
Hello,2007
Super Fuzz,1981
Crossing Hennessy,2010
Sex and Zen,1992
The Wild Thornberrys Movie,2002
Leave 'Em Laughing,1928
Aces Go Places,1982
Chat Room,2002
Hacks,2003
"Dad Rudd, M. P.",1940
Arbor Day,1936
Trainwreck: My Life as an Idiot,2007
Merry Andrew,1958
Pecker,1998
Rice Rhapsody,2004
Captain Hima,2008
"Ready, Set, Zoom!",1955
Mother,1996
Limelight,1952
Lumber Jack-Rabbit,1954
God Tussi Great Ho,2006
Teddy Bears' Picnic,2002
Gooby,2009
La Belle Verte,1996
Lee Dae-ro Can't Die,2005
Intern Academy,2004
Le Cerveau,1969
Ali Baba Bujang Lapok,1960
Spy Kids 4: All the Time in the World,2011
National Lampoon's Barely Legal,2003
The Last Day of Summer,2007
Cop and a Half,1993
A Little Soap and Water,1935
The Bet,1997
My Favourite Wife,1940
Bride for Sale,1949
Invités Surprises,2008
Meltdown,1995
Stars and Bars,1988
Novel Romance,2005
Doctor in Distress,1970
Duel Personalities,1939
Let George Do It,1940
The Muppets Take Manhattan,1984
The Intelligence Men,1965
Glove Taps,1937
Snow Day,2000
Super Spy,2004
"Brutti, sporchi e cattivi",1976
The Man Who Was Sherlock Holmes,1937
El Penalti Mas Largo Del Mundo,2005
Father Came Too!,1964
The Adventures of Barry McKenzie,1972
The Boycotted Baby,1917
The Man from the Diner's Club,1963
Die Jungfrau auf dem Dach,1954
Thillalangadi,2010
The Stupids,1996
Beauty Shop,2005
Angel Puss,1944
Losin' It,1983
Seems Like Old Times,1980
We're Talking Serious Money,1992
Even Hitler Had A Girlfriend,1991
Guns & Talks,2001
Re-Uniting the Rubins,2010
The Sacrament,1990
Toothless,1997
July Days,1923
We Did It,1936
Tru Loved,2007
An easy life,1964
The Ultimate Christmas Present,2000
"Jenny, Juno",2005
Family Honeymoon,1949
The Face on the Bar Room Floor,1914
The Long Weekend,2006
Formula 17,2004
Winnie the Pooh and the Honey Tree,1966
How to Find the Ideal,2007
Filantropica,2002
Squeeze a Flower,1970
The Cloth Peddler,1917
In God We Tru$t,1980
Don't Tempt Me,2001
Lego Star Wars: Bombad Bounty,2010
Little Orbit the Astrodog and the Screechers from Outer Space,1979
Plump Fiction,1996
Aval Peyar Thamizharasi,2009
Dolemite,1974
Rainbow Kids,1991
Spy Chasers,1955
Kick,2009
Billy's Hollywood Screen Kiss,1998
Munchie Strikes Back,1992
Ishtar,1987
Manasaare,2009
Camera,2000
Falling in Love with the Girl Next Door,2006
It's Pat,1995
La vida por Perón,2005
Forgotten Babies,1933
City Island,2009
Ah kai na 'moun antras,1966
Star Wars: Storm in the Glass,2004
Just the Ticket,1999
A Hungarian Fairy Tale,1987
Freebird,2008
Choo-Choo!,1932
Little Tough Guys in Society,1938
Mulan II,2005
Mr. Mike's Mondo Video,1979
The Sex Thief,1974
Tonta tonta pero no tanto,1972
"South Park: Bigger, Longer & Uncut",1999
Balkan Express,1983
A Kiss From Mary Pickford,1927
Miss Cast Away and the Island Girls,2004
The Bulldog Breed,1960
L'Or dans la rue,1935
National Lampoon's Joy of Sex,1984
Krampack,2000
Everyone But Japan Sinks,2006
#1 Cheerleader Camp,2010
Hillbilly Hare,1950
Maa Ayana Chanti Pilladu,2008
The Hairy Bird,1998
How to Be a Serial Killer,2008
Angel in my Pocket,1969
Expresso,2007
Percy's Progress,1974
Lucky 13,2005
Ruin Explorers,1995
